,search,user_id,hashtags
0,환경,"subusunews/"" tabindex=""0"">subusunews</a></span><div class="" Igw0E IwRSH eGOV_ _4EzTm WKY0a ""><span class=""mTLOB Szr5J coreSpriteVerifiedBadgeSmall"" title=""인증됨"">인증됨</span></div></div>]",스브스뉴스
1,환경,"subusunews/"" tabindex=""0"">subusunews</a></span><div class="" Igw0E IwRSH eGOV_ _4EzTm WKY0a ""><span class=""mTLOB Szr5J coreSpriteVerifiedBadgeSmall"" title=""인증됨"">인증됨</span></div></div>]",환경보호
2,환경,"subusunews/"" tabindex=""0"">subusunews</a></span><div class="" Igw0E IwRSH eGOV_ _4EzTm WKY0a ""><span class=""mTLOB Szr5J coreSpriteVerifiedBadgeSmall"" title=""인증됨"">인증됨</span></div></div>]",친환경
3,환경,"subusunews/"" tabindex=""0"">subusunews</a></span><div class="" Igw0E IwRSH eGOV_ _4EzTm WKY0a ""><span class=""mTLOB Szr5J coreSpriteVerifiedBadgeSmall"" title=""인증됨"">인증됨</span></div></div>]",필환경
4,환경,"subusunews/"" tabindex=""0"">subusunews</a></span><div class="" Igw0E IwRSH eGOV_ _4EzTm WKY0a ""><span class=""mTLOB Szr5J coreSpriteVerifiedBadgeSmall"" title=""인증됨"">인증됨</span></div></div>]",환경
5,환경,"subusunews/"" tabindex=""0"">subusunews</a></span><div class="" Igw0E IwRSH eGOV_ _4EzTm WKY0a ""><span class=""mTLOB Szr5J coreSpriteVerifiedBadgeSmall"" title=""인증됨"">인증됨</span></div></div>]",이너보틀
6,환경,"subusunews/"" tabindex=""0"">subusunews</a></span><div class="" Igw0E IwRSH eGOV_ _4EzTm WKY0a ""><span class=""mTLOB Szr5J coreSpriteVerifiedBadgeSmall"" title=""인증됨"">인증됨</span></div></div>]",제로웨이스트
7,환경,"subusunews/"" tabindex=""0"">subusunews</a></span><div class="" Igw0E IwRSH eGOV_ _4EzTm WKY0a ""><span class=""mTLOB Szr5J coreSpriteVerifiedBadgeSmall"" title=""인증됨"">인증됨</span></div></div>]",로우웨이스트
8,환경,"subusunews/"" tabindex=""0"">subusunews</a></span><div class="" Igw0E IwRSH eGOV_ _4EzTm WKY0a ""><span class=""mTLOB Szr5J coreSpriteVerifiedBadgeSmall"" title=""인증됨"">인증됨</span></div></div>]",용기
9,환경,"subusunews/"" tabindex=""0"">subusunews</a></span><div class="" Igw0E IwRSH eGOV_ _4EzTm WKY0a ""><span class=""mTLOB Szr5J coreSpriteVerifiedBadgeSmall"" title=""인증됨"">인증됨</span></div></div>]",화장품
10,환경,"subusunews/"" tabindex=""0"">subusunews</a></span><div class="" Igw0E IwRSH eGOV_ _4EzTm WKY0a ""><span class=""mTLOB Szr5J coreSpriteVerifiedBadgeSmall"" title=""인증됨"">인증됨</span></div></div>]",발명
11,환경,"subusunews/"" tabindex=""0"">subusunews</a></span><div class="" Igw0E IwRSH eGOV_ _4EzTm WKY0a ""><span class=""mTLOB Szr5J coreSpriteVerifiedBadgeSmall"" title=""인증됨"">인증됨</span></div></div>]",발명가
12,환경,"subusunews/"" tabindex=""0"">subusunews</a></span><div class="" Igw0E IwRSH eGOV_ _4EzTm WKY0a ""><span class=""mTLOB Szr5J coreSpriteVerifiedBadgeSmall"" title=""인증됨"">인증됨</span></div></div>]",개발
13,환경,"subusunews/"" tabindex=""0"">subusunews</a></span><div class="" Igw0E IwRSH eGOV_ _4EzTm WKY0a ""><span class=""mTLOB Szr5J coreSpriteVerifiedBadgeSmall"" title=""인증됨"">인증됨</span></div></div>]",판교
14,환경,"subusunews/"" tabindex=""0"">subusunews</a></span><div class="" Igw0E IwRSH eGOV_ _4EzTm WKY0a ""><span class=""mTLOB Szr5J coreSpriteVerifiedBadgeSmall"" title=""인증됨"">인증됨</span></div></div>]",스타트업
15,환경,"om_oceanmountain/"" tabindex=""0"">om_oceanmountain</a></span></div>]",해쉬태그없음
16,환경,"rua_calli/"" tabindex=""0"">rua_calli</a></span></div>]",들꽃
17,환경,"rua_calli/"" tabindex=""0"">rua_calli</a></span></div>]",캔버스
18,환경,"rua_calli/"" tabindex=""0"">rua_calli</a></span></div>]",캘리소품
19,환경,"rua_calli/"" tabindex=""0"">rua_calli</a></span></div>]",러블리페이퍼
20,환경,"rua_calli/"" tabindex=""0"">rua_calli</a></span></div>]",재능기부
21,환경,"rua_calli/"" tabindex=""0"">rua_calli</a></span></div>]",폐지로만든캔버스
22,환경,"rua_calli/"" tabindex=""0"">rua_calli</a></span></div>]",대전캘리그라피
23,환경,"rua_calli/"" tabindex=""0"">rua_calli</a></span></div>]",캘리그라피
24,환경,"rua_calli/"" tabindex=""0"">rua_calli</a></span></div>]",붓펜취미반
25,환경,"rua_calli/"" tabindex=""0"">rua_calli</a></span></div>]",하늘물고기
26,환경,"rua_calli/"" tabindex=""0"">rua_calli</a></span></div>]",하늘물고기2호점
27,환경,"rua_calli/"" tabindex=""0"">rua_calli</a></span></div>]",꽃
28,환경,"rua_calli/"" tabindex=""0"">rua_calli</a></span></div>]",페이퍼캔버스
29,환경,"rua_calli/"" tabindex=""0"">rua_calli</a></span></div>]",업사이클링
30,환경,"rua_calli/"" tabindex=""0"">rua_calli</a></span></div>]",친환경
31,환경,"rua_calli/"" tabindex=""0"">rua_calli</a></span></div>]",폐박스
32,환경,"rua_calli/"" tabindex=""0"">rua_calli</a></span></div>]",폐지
33,환경,"rua_calli/"" tabindex=""0"">rua_calli</a></span></div>]",그림선물
34,환경,"rua_calli/"" tabindex=""0"">rua_calli</a></span></div>]",환경
35,환경,"rua_calli/"" tabindex=""0"">rua_calli</a></span></div>]",나눔
36,환경,"rua_calli/"" tabindex=""0"">rua_calli</a></span></div>]",사람
37,환경,"rua_calli/"" tabindex=""0"">rua_calli</a></span></div>]",사랑
38,환경,"me_kellangelo/"" tabindex=""0"">me_kellangelo</a></span></div>]",해쉬태그없음
39,환경,"subusunews/"" tabindex=""0"">subusunews</a></span><div class="" Igw0E IwRSH eGOV_ _4EzTm WKY0a ""><span class=""mTLOB Szr5J coreSpriteVerifiedBadgeSmall"" title=""인증됨"">인증됨</span></div></div>]",스브스뉴스
40,환경,"subusunews/"" tabindex=""0"">subusunews</a></span><div class="" Igw0E IwRSH eGOV_ _4EzTm WKY0a ""><span class=""mTLOB Szr5J coreSpriteVerifiedBadgeSmall"" title=""인증됨"">인증됨</span></div></div>]",스팸뚜껑
41,환경,"subusunews/"" tabindex=""0"">subusunews</a></span><div class="" Igw0E IwRSH eGOV_ _4EzTm WKY0a ""><span class=""mTLOB Szr5J coreSpriteVerifiedBadgeSmall"" title=""인증됨"">인증됨</span></div></div>]",스팸
42,환경,"subusunews/"" tabindex=""0"">subusunews</a></span><div class="" Igw0E IwRSH eGOV_ _4EzTm WKY0a ""><span class=""mTLOB Szr5J coreSpriteVerifiedBadgeSmall"" title=""인증됨"">인증됨</span></div></div>]",환경보호
43,환경,"subusunews/"" tabindex=""0"">subusunews</a></span><div class="" Igw0E IwRSH eGOV_ _4EzTm WKY0a ""><span class=""mTLOB Szr5J coreSpriteVerifiedBadgeSmall"" title=""인증됨"">인증됨</span></div></div>]",환경
44,환경,"subusunews/"" tabindex=""0"">subusunews</a></span><div class="" Igw0E IwRSH eGOV_ _4EzTm WKY0a ""><span class=""mTLOB Szr5J coreSpriteVerifiedBadgeSmall"" title=""인증됨"">인증됨</span></div></div>]",친환경
45,환경,"subusunews/"" tabindex=""0"">subusunews</a></span><div class="" Igw0E IwRSH eGOV_ _4EzTm WKY0a ""><span class=""mTLOB Szr5J coreSpriteVerifiedBadgeSmall"" title=""인증됨"">인증됨</span></div></div>]",친환경제품
46,환경,"subusunews/"" tabindex=""0"">subusunews</a></span><div class="" Igw0E IwRSH eGOV_ _4EzTm WKY0a ""><span class=""mTLOB Szr5J coreSpriteVerifiedBadgeSmall"" title=""인증됨"">인증됨</span></div></div>]",친환경포장
47,환경,"subusunews/"" tabindex=""0"">subusunews</a></span><div class="" Igw0E IwRSH eGOV_ _4EzTm WKY0a ""><span class=""mTLOB Szr5J coreSpriteVerifiedBadgeSmall"" title=""인증됨"">인증됨</span></div></div>]",착한소비
48,환경,"subusunews/"" tabindex=""0"">subusunews</a></span><div class="" Igw0E IwRSH eGOV_ _4EzTm WKY0a ""><span class=""mTLOB Szr5J coreSpriteVerifiedBadgeSmall"" title=""인증됨"">인증됨</span></div></div>]",플라스틱
49,환경,"subusunews/"" tabindex=""0"">subusunews</a></span><div class="" Igw0E IwRSH eGOV_ _4EzTm WKY0a ""><span class=""mTLOB Szr5J coreSpriteVerifiedBadgeSmall"" title=""인증됨"">인증됨</span></div></div>]",플라스틱줄이기
50,환경,"subusunews/"" tabindex=""0"">subusunews</a></span><div class="" Igw0E IwRSH eGOV_ _4EzTm WKY0a ""><span class=""mTLOB Szr5J coreSpriteVerifiedBadgeSmall"" title=""인증됨"">인증됨</span></div></div>]",플라스틱제로
51,환경,"subusunews/"" tabindex=""0"">subusunews</a></span><div class="" Igw0E IwRSH eGOV_ _4EzTm WKY0a ""><span class=""mTLOB Szr5J coreSpriteVerifiedBadgeSmall"" title=""인증됨"">인증됨</span></div></div>]",추석선물
52,환경,"subusunews/"" tabindex=""0"">subusunews</a></span><div class="" Igw0E IwRSH eGOV_ _4EzTm WKY0a ""><span class=""mTLOB Szr5J coreSpriteVerifiedBadgeSmall"" title=""인증됨"">인증됨</span></div></div>]",추석선물세트
53,환경,"subusunews/"" tabindex=""0"">subusunews</a></span><div class="" Igw0E IwRSH eGOV_ _4EzTm WKY0a ""><span class=""mTLOB Szr5J coreSpriteVerifiedBadgeSmall"" title=""인증됨"">인증됨</span></div></div>]",spam
54,환경,"subusunews/"" tabindex=""0"">subusunews</a></span><div class="" Igw0E IwRSH eGOV_ _4EzTm WKY0a ""><span class=""mTLOB Szr5J coreSpriteVerifiedBadgeSmall"" title=""인증됨"">인증됨</span></div></div>]",cj제일제당
55,환경,"subusunews/"" tabindex=""0"">subusunews</a></span><div class="" Igw0E IwRSH eGOV_ _4EzTm WKY0a ""><span class=""mTLOB Szr5J coreSpriteVerifiedBadgeSmall"" title=""인증됨"">인증됨</span></div></div>]",스브스뉴스
56,환경,"subusunews/"" tabindex=""0"">subusunews</a></span><div class="" Igw0E IwRSH eGOV_ _4EzTm WKY0a ""><span class=""mTLOB Szr5J coreSpriteVerifiedBadgeSmall"" title=""인증됨"">인증됨</span></div></div>]",환경보호
57,환경,"subusunews/"" tabindex=""0"">subusunews</a></span><div class="" Igw0E IwRSH eGOV_ _4EzTm WKY0a ""><span class=""mTLOB Szr5J coreSpriteVerifiedBadgeSmall"" title=""인증됨"">인증됨</span></div></div>]",쓰레기
58,환경,"subusunews/"" tabindex=""0"">subusunews</a></span><div class="" Igw0E IwRSH eGOV_ _4EzTm WKY0a ""><span class=""mTLOB Szr5J coreSpriteVerifiedBadgeSmall"" title=""인증됨"">인증됨</span></div></div>]",환경
59,환경,"subusunews/"" tabindex=""0"">subusunews</a></span><div class="" Igw0E IwRSH eGOV_ _4EzTm WKY0a ""><span class=""mTLOB Szr5J coreSpriteVerifiedBadgeSmall"" title=""인증됨"">인증됨</span></div></div>]",자연
60,환경,"subusunews/"" tabindex=""0"">subusunews</a></span><div class="" Igw0E IwRSH eGOV_ _4EzTm WKY0a ""><span class=""mTLOB Szr5J coreSpriteVerifiedBadgeSmall"" title=""인증됨"">인증됨</span></div></div>]",청소
61,환경,"subusunews/"" tabindex=""0"">subusunews</a></span><div class="" Igw0E IwRSH eGOV_ _4EzTm WKY0a ""><span class=""mTLOB Szr5J coreSpriteVerifiedBadgeSmall"" title=""인증됨"">인증됨</span></div></div>]",비치클린
62,환경,"subusunews/"" tabindex=""0"">subusunews</a></span><div class="" Igw0E IwRSH eGOV_ _4EzTm WKY0a ""><span class=""mTLOB Szr5J coreSpriteVerifiedBadgeSmall"" title=""인증됨"">인증됨</span></div></div>]",세이브제주바다
63,환경,"subusunews/"" tabindex=""0"">subusunews</a></span><div class="" Igw0E IwRSH eGOV_ _4EzTm WKY0a ""><span class=""mTLOB Szr5J coreSpriteVerifiedBadgeSmall"" title=""인증됨"">인증됨</span></div></div>]",제주
64,환경,"subusunews/"" tabindex=""0"">subusunews</a></span><div class="" Igw0E IwRSH eGOV_ _4EzTm WKY0a ""><span class=""mTLOB Szr5J coreSpriteVerifiedBadgeSmall"" title=""인증됨"">인증됨</span></div></div>]",제주도
65,환경,"subusunews/"" tabindex=""0"">subusunews</a></span><div class="" Igw0E IwRSH eGOV_ _4EzTm WKY0a ""><span class=""mTLOB Szr5J coreSpriteVerifiedBadgeSmall"" title=""인증됨"">인증됨</span></div></div>]",바다
66,환경,"subusunews/"" tabindex=""0"">subusunews</a></span><div class="" Igw0E IwRSH eGOV_ _4EzTm WKY0a ""><span class=""mTLOB Szr5J coreSpriteVerifiedBadgeSmall"" title=""인증됨"">인증됨</span></div></div>]",해변
67,환경,"subusunews/"" tabindex=""0"">subusunews</a></span><div class="" Igw0E IwRSH eGOV_ _4EzTm WKY0a ""><span class=""mTLOB Szr5J coreSpriteVerifiedBadgeSmall"" title=""인증됨"">인증됨</span></div></div>]",클린산행
68,환경,"subusunews/"" tabindex=""0"">subusunews</a></span><div class="" Igw0E IwRSH eGOV_ _4EzTm WKY0a ""><span class=""mTLOB Szr5J coreSpriteVerifiedBadgeSmall"" title=""인증됨"">인증됨</span></div></div>]",클린하이킹
69,환경,"subusunews/"" tabindex=""0"">subusunews</a></span><div class="" Igw0E IwRSH eGOV_ _4EzTm WKY0a ""><span class=""mTLOB Szr5J coreSpriteVerifiedBadgeSmall"" title=""인증됨"">인증됨</span></div></div>]",클린하이커스
70,환경,"subusunews/"" tabindex=""0"">subusunews</a></span><div class="" Igw0E IwRSH eGOV_ _4EzTm WKY0a ""><span class=""mTLOB Szr5J coreSpriteVerifiedBadgeSmall"" title=""인증됨"">인증됨</span></div></div>]",산
71,환경,"subusunews/"" tabindex=""0"">subusunews</a></span><div class="" Igw0E IwRSH eGOV_ _4EzTm WKY0a ""><span class=""mTLOB Szr5J coreSpriteVerifiedBadgeSmall"" title=""인증됨"">인증됨</span></div></div>]",등산
72,환경,"subusunews/"" tabindex=""0"">subusunews</a></span><div class="" Igw0E IwRSH eGOV_ _4EzTm WKY0a ""><span class=""mTLOB Szr5J coreSpriteVerifiedBadgeSmall"" title=""인증됨"">인증됨</span></div></div>]",플로깅
73,환경,"subusunews/"" tabindex=""0"">subusunews</a></span><div class="" Igw0E IwRSH eGOV_ _4EzTm WKY0a ""><span class=""mTLOB Szr5J coreSpriteVerifiedBadgeSmall"" title=""인증됨"">인증됨</span></div></div>]",leavegoodtrace
74,환경,"subusunews/"" tabindex=""0"">subusunews</a></span><div class="" Igw0E IwRSH eGOV_ _4EzTm WKY0a ""><span class=""mTLOB Szr5J coreSpriteVerifiedBadgeSmall"" title=""인증됨"">인증됨</span></div></div>]",플로깅
75,환경,"arimi5976/"" tabindex=""0"">arimi5976</a></span></div>]",repost
76,환경,"arimi5976/"" tabindex=""0"">arimi5976</a></span></div>]",미소이야기
77,환경,"arimi5976/"" tabindex=""0"">arimi5976</a></span></div>]",한국환경산업기술원
78,환경,"arimi5976/"" tabindex=""0"">arimi5976</a></span></div>]",친환경
79,환경,"arimi5976/"" tabindex=""0"">arimi5976</a></span></div>]",환경
80,환경,"arimi5976/"" tabindex=""0"">arimi5976</a></span></div>]",친환경라이프
81,환경,"arimi5976/"" tabindex=""0"">arimi5976</a></span></div>]",친환경스토리
82,환경,"arimi5976/"" tabindex=""0"">arimi5976</a></span></div>]",SNS
83,환경,"arimi5976/"" tabindex=""0"">arimi5976</a></span></div>]",SNS이벤트
84,환경,"arimi5976/"" tabindex=""0"">arimi5976</a></span></div>]",이벤트
85,환경,"arimi5976/"" tabindex=""0"">arimi5976</a></span></div>]",퀴즈
86,환경,"arimi5976/"" tabindex=""0"">arimi5976</a></span></div>]",퀴즈이벤트
87,환경,"arimi5976/"" tabindex=""0"">arimi5976</a></span></div>]",설문
88,환경,"arimi5976/"" tabindex=""0"">arimi5976</a></span></div>]",파스쿠찌
89,환경,"arimi5976/"" tabindex=""0"">arimi5976</a></span></div>]",바닐라라떼
90,환경,"arimi5976/"" tabindex=""0"">arimi5976</a></span></div>]",동물퀴즈
91,환경,"arimi5976/"" tabindex=""0"">arimi5976</a></span></div>]",댓글이벤트
92,환경,"ddangkong154/"" tabindex=""0"">ddangkong154</a></span></div>]",미소이야기
93,환경,"ddangkong154/"" tabindex=""0"">ddangkong154</a></span></div>]",한국환경산업기술원
94,환경,"ddangkong154/"" tabindex=""0"">ddangkong154</a></span></div>]",친환경
95,환경,"ddangkong154/"" tabindex=""0"">ddangkong154</a></span></div>]",환경
96,환경,"ddangkong154/"" tabindex=""0"">ddangkong154</a></span></div>]",친환경라이프
97,환경,"ddangkong154/"" tabindex=""0"">ddangkong154</a></span></div>]",친환경스토리
98,환경,"ddangkong154/"" tabindex=""0"">ddangkong154</a></span></div>]",SNS
99,환경,"ddangkong154/"" tabindex=""0"">ddangkong154</a></span></div>]",SNS이벤트
100,환경,"ddangkong154/"" tabindex=""0"">ddangkong154</a></span></div>]",이벤트
101,환경,"ddangkong154/"" tabindex=""0"">ddangkong154</a></span></div>]",퀴즈
102,환경,"ddangkong154/"" tabindex=""0"">ddangkong154</a></span></div>]",퀴즈이벤트
103,환경,"ddangkong154/"" tabindex=""0"">ddangkong154</a></span></div>]",설문
104,환경,"ddangkong154/"" tabindex=""0"">ddangkong154</a></span></div>]",파스쿠찌
105,환경,"ddangkong154/"" tabindex=""0"">ddangkong154</a></span></div>]",바닐라라떼
106,환경,"ddangkong154/"" tabindex=""0"">ddangkong154</a></span></div>]",동물퀴즈
107,환경,"ddangkong154/"" tabindex=""0"">ddangkong154</a></span></div>]",댓글이벤트
108,환경,"keitismilestory/"" tabindex=""0"">keitismilestory</a></span></div>]",미소이야기
109,환경,"keitismilestory/"" tabindex=""0"">keitismilestory</a></span></div>]",한국환경산업기술원
110,환경,"keitismilestory/"" tabindex=""0"">keitismilestory</a></span></div>]",친환경
111,환경,"keitismilestory/"" tabindex=""0"">keitismilestory</a></span></div>]",환경
112,환경,"keitismilestory/"" tabindex=""0"">keitismilestory</a></span></div>]",친환경라이프
113,환경,"keitismilestory/"" tabindex=""0"">keitismilestory</a></span></div>]",친환경스토리
114,환경,"keitismilestory/"" tabindex=""0"">keitismilestory</a></span></div>]",SNS
115,환경,"keitismilestory/"" tabindex=""0"">keitismilestory</a></span></div>]",SNS이벤트
116,환경,"keitismilestory/"" tabindex=""0"">keitismilestory</a></span></div>]",이벤트
117,환경,"keitismilestory/"" tabindex=""0"">keitismilestory</a></span></div>]",퀴즈
118,환경,"keitismilestory/"" tabindex=""0"">keitismilestory</a></span></div>]",퀴즈이벤트
119,환경,"keitismilestory/"" tabindex=""0"">keitismilestory</a></span></div>]",설문
120,환경,"keitismilestory/"" tabindex=""0"">keitismilestory</a></span></div>]",파스쿠찌
121,환경,"keitismilestory/"" tabindex=""0"">keitismilestory</a></span></div>]",바닐라라떼
122,환경,"keitismilestory/"" tabindex=""0"">keitismilestory</a></span></div>]",동물퀴즈
123,환경,"keitismilestory/"" tabindex=""0"">keitismilestory</a></span></div>]",댓글이벤트
124,환경,"keitismilestory/"" tabindex=""0"">keitismilestory</a></span></div>]",미소이야기
125,환경,"keitismilestory/"" tabindex=""0"">keitismilestory</a></span></div>]",한국환경산업기술원
126,환경,"keitismilestory/"" tabindex=""0"">keitismilestory</a></span></div>]",미소이야기
127,환경,"keitismilestory/"" tabindex=""0"">keitismilestory</a></span></div>]",강아지😄😄
128,환경,"keitismilestory/"" tabindex=""0"">keitismilestory</a></span></div>]",미소이야기
129,환경,"keitismilestory/"" tabindex=""0"">keitismilestory</a></span></div>]",강아지
130,환경,"keitismilestory/"" tabindex=""0"">keitismilestory</a></span></div>]",참여완료
131,환경,"sou.l_book/"" tabindex=""0"">sou.l_book</a></span></div>]",책
132,환경,"sou.l_book/"" tabindex=""0"">sou.l_book</a></span></div>]",인간없는세상
133,환경,"sou.l_book/"" tabindex=""0"">sou.l_book</a></span></div>]",앨런와이즈먼
134,환경,"sou.l_book/"" tabindex=""0"">sou.l_book</a></span></div>]",최재천
135,환경,"sou.l_book/"" tabindex=""0"">sou.l_book</a></span></div>]",환경
136,환경,"sou.l_book/"" tabindex=""0"">sou.l_book</a></span></div>]",오염
137,환경,"sou.l_book/"" tabindex=""0"">sou.l_book</a></span></div>]",지구
138,환경,"sou.l_book/"" tabindex=""0"">sou.l_book</a></span></div>]",인간
139,환경,"sou.l_book/"" tabindex=""0"">sou.l_book</a></span></div>]",인류
140,환경,"sou.l_book/"" tabindex=""0"">sou.l_book</a></span></div>]",멸종
141,환경,"sou.l_book/"" tabindex=""0"">sou.l_book</a></span></div>]",미래
142,환경,"sou.l_book/"" tabindex=""0"">sou.l_book</a></span></div>]",과학
143,환경,"sou.l_book/"" tabindex=""0"">sou.l_book</a></span></div>]",생명
144,환경,"sou.l_book/"" tabindex=""0"">sou.l_book</a></span></div>]",생태계
145,환경,"sou.l_book/"" tabindex=""0"">sou.l_book</a></span></div>]",세상
146,환경,"sou.l_book/"" tabindex=""0"">sou.l_book</a></span></div>]",통찰
147,환경,"sou.l_book/"" tabindex=""0"">sou.l_book</a></span></div>]",일상
148,환경,"sou.l_book/"" tabindex=""0"">sou.l_book</a></span></div>]",소통
149,환경,"sou.l_book/"" tabindex=""0"">sou.l_book</a></span></div>]",공감
150,환경,"sou.l_book/"" tabindex=""0"">sou.l_book</a></span></div>]",책스타그램
151,환경,"sou.l_book/"" tabindex=""0"">sou.l_book</a></span></div>]",북스타그램
152,환경,"sou.l_book/"" tabindex=""0"">sou.l_book</a></span></div>]",독서스타그램
153,환경,"sou.l_book/"" tabindex=""0"">sou.l_book</a></span></div>]",책추천
154,환경,"sou.l_book/"" tabindex=""0"">sou.l_book</a></span></div>]",서평
155,환경,"sou.l_book/"" tabindex=""0"">sou.l_book</a></span></div>]",북리뷰
156,환경,"sou.l_book/"" tabindex=""0"">sou.l_book</a></span></div>]",짧은글
157,환경,"ohmyearth.insta/"" tabindex=""0"">ohmyearth.insta</a></span></div>]",오마이어스
158,환경,"ohmyearth.insta/"" tabindex=""0"">ohmyearth.insta</a></span></div>]",쿨해지구
159,환경,"ohmyearth.insta/"" tabindex=""0"">ohmyearth.insta</a></span></div>]",ohmyearth
160,환경,"ohmyearth.insta/"" tabindex=""0"">ohmyearth.insta</a></span></div>]",온난화
161,환경,"ohmyearth.insta/"" tabindex=""0"">ohmyearth.insta</a></span></div>]",지구온난화
162,환경,"ohmyearth.insta/"" tabindex=""0"">ohmyearth.insta</a></span></div>]",온실가스
163,환경,"ohmyearth.insta/"" tabindex=""0"">ohmyearth.insta</a></span></div>]",환경
164,환경,"ohmyearth.insta/"" tabindex=""0"">ohmyearth.insta</a></span></div>]",친환경
165,환경,"ohmyearth.insta/"" tabindex=""0"">ohmyearth.insta</a></span></div>]",제로웨이스트
166,환경,"ohmyearth.insta/"" tabindex=""0"">ohmyearth.insta</a></span></div>]",영구동토층
167,환경,"ohmyearth.insta/"" tabindex=""0"">ohmyearth.insta</a></span></div>]",동토층
168,환경,"ohmyearth.insta/"" tabindex=""0"">ohmyearth.insta</a></span></div>]",북극
169,환경,"wfc2021seoul/"" tabindex=""0"">wfc2021seoul</a></span></div>]",세계산림총회
170,환경,"wfc2021seoul/"" tabindex=""0"">wfc2021seoul</a></span></div>]",동화
171,환경,"wfc2021seoul/"" tabindex=""0"">wfc2021seoul</a></span></div>]",어린이
172,환경,"wfc2021seoul/"" tabindex=""0"">wfc2021seoul</a></span></div>]",인수감염
173,환경,"wfc2021seoul/"" tabindex=""0"">wfc2021seoul</a></span></div>]",산림청
174,환경,"wfc2021seoul/"" tabindex=""0"">wfc2021seoul</a></span></div>]",세계산림총회
175,환경,"wfc2021seoul/"" tabindex=""0"">wfc2021seoul</a></span></div>]",애니매이션
176,환경,"wfc2021seoul/"" tabindex=""0"">wfc2021seoul</a></span></div>]",동화
177,환경,"wfc2021seoul/"" tabindex=""0"">wfc2021seoul</a></span></div>]",숲놀이터
178,환경,"wfc2021seoul/"" tabindex=""0"">wfc2021seoul</a></span></div>]",환경
179,환경,"wfc2021seoul/"" tabindex=""0"">wfc2021seoul</a></span></div>]",환경교육
180,환경,"wfc2021seoul/"" tabindex=""0"">wfc2021seoul</a></span></div>]",자연
181,환경,"bella_olivia_recipe/"" tabindex=""0"">bella_olivia_recipe</a></span></div>]",오늘의메뉴
182,환경,"bella_olivia_recipe/"" tabindex=""0"">bella_olivia_recipe</a></span></div>]",고기없는월요일
183,환경,"bella_olivia_recipe/"" tabindex=""0"">bella_olivia_recipe</a></span></div>]",우렁된장찌개
184,환경,"bella_olivia_recipe/"" tabindex=""0"">bella_olivia_recipe</a></span></div>]",다시마솥밥
185,환경,"bella_olivia_recipe/"" tabindex=""0"">bella_olivia_recipe</a></span></div>]",호박잎
186,환경,"bella_olivia_recipe/"" tabindex=""0"">bella_olivia_recipe</a></span></div>]",편스토랑
187,환경,"bella_olivia_recipe/"" tabindex=""0"">bella_olivia_recipe</a></span></div>]",고기없는월요일캠페인
188,환경,"bella_olivia_recipe/"" tabindex=""0"">bella_olivia_recipe</a></span></div>]",지구살리기
189,환경,"bella_olivia_recipe/"" tabindex=""0"">bella_olivia_recipe</a></span></div>]",제로웨이스트
190,환경,"bella_olivia_recipe/"" tabindex=""0"">bella_olivia_recipe</a></span></div>]",환경
191,환경,"bella_olivia_recipe/"" tabindex=""0"">bella_olivia_recipe</a></span></div>]",savingtheearth
192,환경,"bella_olivia_recipe/"" tabindex=""0"">bella_olivia_recipe</a></span></div>]",환경보호
193,환경,"bella_olivia_recipe/"" tabindex=""0"">bella_olivia_recipe</a></span></div>]",오늘도잘먹었습니다🙏
194,환경,"bella_olivia_recipe/"" tabindex=""0"">bella_olivia_recipe</a></span></div>]",건강한식단
195,환경,"bella_olivia_recipe/"" tabindex=""0"">bella_olivia_recipe</a></span></div>]",홈쿡
196,환경,"bella_olivia_recipe/"" tabindex=""0"">bella_olivia_recipe</a></span></div>]",집밥스타그램
197,환경,"bella_olivia_recipe/"" tabindex=""0"">bella_olivia_recipe</a></span></div>]",요리스타그램
198,환경,"bella_olivia_recipe/"" tabindex=""0"">bella_olivia_recipe</a></span></div>]",요리레시피공유
199,환경,"bella_olivia_recipe/"" tabindex=""0"">bella_olivia_recipe</a></span></div>]",온더테이블
200,환경,"bella_olivia_recipe/"" tabindex=""0"">bella_olivia_recipe</a></span></div>]",건강요리
201,환경,"bella_olivia_recipe/"" tabindex=""0"">bella_olivia_recipe</a></span></div>]",제철음식
202,환경,"bella_olivia_recipe/"" tabindex=""0"">bella_olivia_recipe</a></span></div>]",집밥
203,환경,"bella_olivia_recipe/"" tabindex=""0"">bella_olivia_recipe</a></span></div>]",healthyfoods
204,환경,"bella_olivia_recipe/"" tabindex=""0"">bella_olivia_recipe</a></span></div>]",homecooking
205,환경,"wfc2021seoul/"" tabindex=""0"">wfc2021seoul</a></span></div>]",제15차세계산림총회
206,환경,"wfc2021seoul/"" tabindex=""0"">wfc2021seoul</a></span></div>]",서포터즈
207,환경,"wfc2021seoul/"" tabindex=""0"">wfc2021seoul</a></span></div>]",나무
208,환경,"wfc2021seoul/"" tabindex=""0"">wfc2021seoul</a></span></div>]",산림청
209,환경,"wfc2021seoul/"" tabindex=""0"">wfc2021seoul</a></span></div>]",세계산림총회
210,환경,"wfc2021seoul/"" tabindex=""0"">wfc2021seoul</a></span></div>]",wfc
211,환경,"wfc2021seoul/"" tabindex=""0"">wfc2021seoul</a></span></div>]",wfc2021
212,환경,"wfc2021seoul/"" tabindex=""0"">wfc2021seoul</a></span></div>]",알기쉬운산림지식
213,환경,"wfc2021seoul/"" tabindex=""0"">wfc2021seoul</a></span></div>]",숲의민족
214,환경,"wfc2021seoul/"" tabindex=""0"">wfc2021seoul</a></span></div>]",우주수
215,환경,"wfc2021seoul/"" tabindex=""0"">wfc2021seoul</a></span></div>]",세계수
216,환경,"wfc2021seoul/"" tabindex=""0"">wfc2021seoul</a></span></div>]",장니
217,환경,"wfc2021seoul/"" tabindex=""0"">wfc2021seoul</a></span></div>]",자작나무
218,환경,"wfc2021seoul/"" tabindex=""0"">wfc2021seoul</a></span></div>]",카드뉴스
219,환경,"wfc2021seoul/"" tabindex=""0"">wfc2021seoul</a></span></div>]",숲
220,환경,"wfc2021seoul/"" tabindex=""0"">wfc2021seoul</a></span></div>]",자연
221,환경,"wfc2021seoul/"" tabindex=""0"">wfc2021seoul</a></span></div>]",환경
222,환경,"alpha_bwolf/"" tabindex=""0"">alpha_bwolf</a></span></div>]",경주여행
223,환경,"alpha_bwolf/"" tabindex=""0"">alpha_bwolf</a></span></div>]",ㄴㄴ
224,환경,"alpha_bwolf/"" tabindex=""0"">alpha_bwolf</a></span></div>]",경주출장
225,환경,"alpha_bwolf/"" tabindex=""0"">alpha_bwolf</a></span></div>]",ㅋㅋㅋ
226,환경,"alpha_bwolf/"" tabindex=""0"">alpha_bwolf</a></span></div>]",경주
227,환경,"alpha_bwolf/"" tabindex=""0"">alpha_bwolf</a></span></div>]",지방
228,환경,"alpha_bwolf/"" tabindex=""0"">alpha_bwolf</a></span></div>]",출장
229,환경,"alpha_bwolf/"" tabindex=""0"">alpha_bwolf</a></span></div>]",한복
230,환경,"alpha_bwolf/"" tabindex=""0"">alpha_bwolf</a></span></div>]",❤️
231,환경,"alpha_bwolf/"" tabindex=""0"">alpha_bwolf</a></span></div>]",좋아요
232,환경,"alpha_bwolf/"" tabindex=""0"">alpha_bwolf</a></span></div>]",당일치기여행
233,환경,"alpha_bwolf/"" tabindex=""0"">alpha_bwolf</a></span></div>]",당일치기
234,환경,"alpha_bwolf/"" tabindex=""0"">alpha_bwolf</a></span></div>]",드라이브
235,환경,"alpha_bwolf/"" tabindex=""0"">alpha_bwolf</a></span></div>]",김기사
236,환경,"alpha_bwolf/"" tabindex=""0"">alpha_bwolf</a></span></div>]",근무
237,환경,"alpha_bwolf/"" tabindex=""0"">alpha_bwolf</a></span></div>]",환경
238,환경,"alpha_bwolf/"" tabindex=""0"">alpha_bwolf</a></span></div>]",복지
239,환경,"alpha_bwolf/"" tabindex=""0"">alpha_bwolf</a></span></div>]",개쩜
240,환경,"alpha_bwolf/"" tabindex=""0"">alpha_bwolf</a></span></div>]",👍
241,환경,"alpha_bwolf/"" tabindex=""0"">alpha_bwolf</a></span></div>]",휴가
242,환경,"alpha_bwolf/"" tabindex=""0"">alpha_bwolf</a></span></div>]",휴식
243,환경,"alpha_bwolf/"" tabindex=""0"">alpha_bwolf</a></span></div>]",힐링
244,환경,"alpha_bwolf/"" tabindex=""0"">alpha_bwolf</a></span></div>]",에너지
245,환경,"alpha_bwolf/"" tabindex=""0"">alpha_bwolf</a></span></div>]",충전
246,환경,"alpha_bwolf/"" tabindex=""0"">alpha_bwolf</a></span></div>]",행복
247,환경,"alpha_bwolf/"" tabindex=""0"">alpha_bwolf</a></span></div>]",다시
248,환경,"alpha_bwolf/"" tabindex=""0"">alpha_bwolf</a></span></div>]",화이팅
249,환경,"alpha_bwolf/"" tabindex=""0"">alpha_bwolf</a></span></div>]",한국
250,환경,"alpha_bwolf/"" tabindex=""0"">alpha_bwolf</a></span></div>]",부산
251,환경,"alpha_bwolf/"" tabindex=""0"">alpha_bwolf</a></span></div>]",남자
